Date,site_id,brand_id,clicks,signups,ftds,cpa_income,rev_income
1/1/2021,1,4,71,77,40,898,395
1/2/2021,1,2,43,45,46,1220,1098
1/3/2021,1,2,37,69,40,1217,188
1/4/2021,1,1,64,76,16,162,413
1/5/2021,1,2,113,66,58,1108,1171
1/6/2021,1,2,57,46,26,1555,971
1/7/2021,1,4,37,34,43,1214,1417
1/8/2021,1,3,N/A,75,23,1917,300
1/9/2021,1,3,N/A,52,46,1172,612
1/10/2021,1,1,56,75,61,730,1709
1/11/2021,1,3,N/A,44,21,1782,809
1/12/2021,1,3,N/A,59,22,970,597
1/13/2021,1,4,67,67,32,1340,1528
1/14/2021,1,4,37,83,17,447,300
1/15/2021,1,3,N/A,63,30,994,649
1/16/2021,1,3,N/A,48,62,775,819
1/17/2021,1,3,N/A,53,20,875,228
1/18/2021,1,1,56,67,28,303,712
1/19/2021,1,4,87,84,67,734,525
1/20/2021,1,4,86,46,46,626,289
1/21/2021,1,4,79,52,50,1790,329
1/22/2021,1,3,N/A,41,16,1494,855
1/23/2021,1,1,114,47,64,616,1654
1/24/2021,1,1,47,74,23,749,795
1/25/2021,1,2,82,65,56,790,1784
1/26/2021,1,3,N/A,84,46,867,1300
1/27/2021,1,3,N/A,48,37,1344,1102
1/28/2021,1,2,87,45,52,761,683
1/29/2021,1,4,106,77,21,1231,1338
1/30/2021,1,1,111,83,64,609,1744
1/31/2021,1,3,N/A,72,37,217,1143
2/1/2021,1,1,78,50,44,100,534
2/2/2021,1,2,87,50,39,695,1758
2/3/2021,1,1,34,47,24,509,1406
2/4/2021,1,3,109,57,51,1277,826
2/5/2021,1,4,103,85,34,1307,1280
2/6/2021,1,1,48,79,22,1695,497
2/7/2021,1,1,80,52,43,1052,461
2/8/2021,1,2,36,53,49,1845,640
2/9/2021,1,1,80,67,53,342,888
2/10/2021,1,3,120,70,15,1519,455
2/11/2021,1,3,101,48,44,553,151
2/12/2021,1,2,73,38,56,1797,1151
2/13/2021,1,1,77,84,66,751,1484
2/14/2021,1,1,70,79,65,1070,1471
2/15/2021,1,2,81,65,60,1176,448
2/16/2021,1,1,35,70,60,1337,1509
2/17/2021,1,2,91,63,60,1957,718
2/18/2021,1,4,78,43,37,1918,1630
2/19/2021,1,1,35,76,17,681,1486
2/20/2021,1,4,78,61,16,146,227
2/21/2021,1,1,82,76,30,986,1503
2/22/2021,1,2,66,45,27,1750,781
2/23/2021,1,1,36,80,67,1200,190
2/24/2021,1,1,107,82,19,318,1560
2/25/2021,1,1,108,58,44,209,964
2/26/2021,1,3,117,56,57,1794,1284
2/27/2021,1,3,61,35,13,1887,1271
2/28/2021,1,2,62,74,61,1432,989
3/1/2021,1,2,62,72,42,1289,1423
3/2/2021,1,1,83,59,35,988,1693
3/3/2021,1,3,109,50,46,2000,576
3/4/2021,1,3,84,78,58,1127,1250
3/5/2021,1,2,116,64,54,745,394
3/6/2021,1,3,70,34,55,937,485
3/7/2021,1,1,86,87,47,1513,998
3/8/2021,1,4,88,43,27,394,1323
3/9/2021,1,1,109,63,38,1066,981
3/10/2021,1,3,113,58,25,412,427
3/11/2021,1,1,68,58,54,1353,383
3/12/2021,1,4,42,76,36,317,1526
3/13/2021,1,4,83,59,54,1780,517
3/14/2021,1,2,110,55,49,852,884
3/15/2021,1,3,76,51,45,1093,492
3/16/2021,1,2,100,70,28,241,194
3/17/2021,1,3,43,35,14,1662,555
3/18/2021,1,1,103,71,53,1626,574
3/19/2021,1,2,57,39,55,1659,492
3/20/2021,1,2,119,78,15,472,1488
3/21/2021,1,2,86,49,28,690,1197
3/22/2021,1,3,101,56,25,687,143
3/23/2021,1,3,98,62,64,615,207
3/24/2021,1,4,42,48,42,1867,928
3/25/2021,1,4,58,38,41,1329,1452
3/26/2021,1,2,117,74,33,635,513
3/27/2021,1,3,69,86,19,1927,1172
3/28/2021,1,1,77,41,51,526,121
3/29/2021,1,3,90,59,17,1643,1329
3/30/2021,1,3,50,67,27,1544,1665
3/31/2021,1,3,65,38,53,1297,1441
4/1/2021,1,3,54,81,23,280,872
4/2/2021,1,4,57,50,49,853,306
4/3/2021,1,2,103,39,12,283,1099
4/4/2021,1,2,92,42,48,507,1792
4/5/2021,1,2,45,48,47,1778,1566
4/6/2021,1,3,81,71,38,189,224
4/7/2021,1,3,39,70,45,1560,1078
4/8/2021,1,2,90,58,57,1771,1586
4/9/2021,1,4,62,41,26,528,695
4/10/2021,1,3,120,58,34,1445,119
4/11/2021,1,1,97,58,19,1634,664
4/12/2021,1,2,77,87,53,712,604
4/13/2021,1,1,78,41,57,1312,1178
4/14/2021,1,1,80,41,43,273,1377
4/15/2021,1,2,81,44,26,1417,1401
4/16/2021,1,2,107,66,53,1352,1345
4/17/2021,1,3,37,37,61,1261,831
4/18/2021,1,2,54,71,30,1512,1504
4/19/2021,1,3,108,39,56,453,1733
4/20/2021,1,2,57,81,38,1706,1279
4/21/2021,1,1,85,85,16,179,718
4/22/2021,1,2,48,66,63,728,788
4/23/2021,1,2,51,80,18,1050,520
4/24/2021,1,4,55,60,47,673,1348
4/25/2021,1,4,74,62,58,884,1431
4/26/2021,1,1,56,81,66,492,1651
4/27/2021,1,3,56,55,18,1554,825
4/28/2021,1,1,34,70,67,1218,195
4/29/2021,1,4,109,64,28,1366,414
4/30/2021,1,1,76,82,63,1916,748
5/1/2021,1,1,82,69,26,1135,338
5/2/2021,1,3,105,48,23,128,350
5/3/2021,1,1,62,38,23,1131,1425
5/4/2021,1,2,44,53,46,1585,945
5/5/2021,1,3,84,50,31,597,1494
5/6/2021,1,2,66,48,16,277,559
5/7/2021,1,2,113,56,59,1519,807
5/8/2021,1,4,53,60,34,1356,911
5/9/2021,1,2,65,46,24,1744,901
5/10/2021,1,3,92,37,61,389,1603
5/11/2021,1,2,56,47,17,1247,1485
5/12/2021,1,1,93,38,56,1440,480
5/13/2021,1,4,52,38,47,1319,1506
5/14/2021,1,1,78,65,13,1828,1570
5/15/2021,1,3,108,78,31,1962,1756
5/16/2021,1,1,93,71,15,587,1639
5/17/2021,1,2,115,65,47,1485,1422
5/18/2021,1,3,70,43,32,1789,1430
5/19/2021,1,3,48,52,56,1189,1139
5/20/2021,1,4,52,83,34,1698,333
5/21/2021,1,4,79,67,65,1544,366
5/22/2021,1,2,104,56,50,1955,1009
5/23/2021,1,1,73,64,12,966,170
5/24/2021,1,4,58,86,58,202,1201
5/25/2021,1,3,68,63,19,1537,513
5/26/2021,1,3,104,49,25,986,326
5/27/2021,1,1,112,60,12,313,790
5/28/2021,1,4,77,47,56,898,1235
5/29/2021,1,1,47,38,47,723,670
5/30/2021,1,2,51,36,24,1192,848
5/31/2021,1,4,55,64,35,1860,1290
6/1/2021,1,1,95,36,50,1541,359
6/2/2021,1,4,119,47,48,262,698
6/3/2021,1,3,41,86,67,1469,1751
6/4/2021,1,3,83,37,58,1898,1244
6/5/2021,1,4,100,34,27,1190,1704
6/6/2021,1,3,114,80,61,1573,971
6/7/2021,1,1,35,60,22,157,144
6/8/2021,1,3,60,58,26,1972,287
6/9/2021,1,3,100,52,13,635,1406
6/10/2021,1,3,119,75,48,1342,1315
6/11/2021,1,1,115,46,12,997,1723
6/12/2021,1,2,96,87,57,382,252
6/13/2021,1,3,47,45,17,831,814
6/14/2021,1,3,94,71,54,1346,799
6/15/2021,1,3,41,42,13,243,706
6/16/2021,1,4,53,66,17,1836,1779
6/17/2021,1,4,119,45,34,314,126
6/18/2021,1,3,97,77,63,706,515
6/19/2021,1,2,103,53,36,663,629
6/20/2021,1,2,102,81,66,1858,433
6/21/2021,1,3,117,70,46,632,1592
6/22/2021,1,4,45,82,63,453,1379
6/23/2021,1,3,66,48,35,569,543
6/24/2021,1,2,40,60,25,583,1650
6/25/2021,1,2,67,73,26,942,1600
6/26/2021,1,3,105,34,20,915,1758
6/27/2021,1,4,107,61,47,1492,1355
6/28/2021,1,1,113,57,52,732,1796
6/29/2021,1,3,60,55,44,1228,746
6/30/2021,1,2,106,37,29,742,1655
7/1/2021,1,4,116,45,23,854,600
7/2/2021,1,4,67,38,51,659,940
7/3/2021,1,2,63,56,23,979,1137
7/4/2021,1,3,116,46,55,1618,1451
7/5/2021,1,3,100,36,54,1514,126
7/6/2021,1,3,49,83,60,1148,1161
7/7/2021,1,3,111,51,18,1627,910
7/8/2021,1,4,112,60,41,1853,1704
7/9/2021,1,4,90,47,36,1432,472
7/10/2021,1,2,64,78,53,1345,708
7/11/2021,1,3,58,73,37,438,1122
7/12/2021,1,1,52,75,22,290,396
1/1/2021,2,1,45,71,23,1143,351
1/2/2021,2,1,102,87,58,1478,1492
1/3/2021,2,1,56,35,33,1588,1692
1/4/2021,2,4,99,39,64,590,1668
1/5/2021,2,2,91,55,16,1049,1668
1/6/2021,2,3,N/A,53,65,902,469
1/7/2021,2,4,96,53,18,814,589
1/8/2021,2,3,N/A,62,26,1085,1354
1/9/2021,2,3,N/A,73,61,1897,1257
1/10/2021,2,1,115,35,44,1053,1252
1/11/2021,2,3,N/A,57,45,811,214
1/12/2021,2,2,58,54,19,317,912
1/13/2021,2,2,66,72,15,1037,608
1/14/2021,2,4,84,57,63,1605,607
1/15/2021,2,4,59,75,23,801,1652
1/16/2021,2,1,105,67,38,582,1577
1/17/2021,2,4,54,59,30,1404,911
1/18/2021,2,2,96,49,56,376,605
1/19/2021,2,3,N/A,38,62,1576,102
1/20/2021,2,1,86,78,56,963,1739
1/21/2021,2,3,N/A,39,59,1659,1232
1/22/2021,2,4,94,76,61,1812,1408
1/23/2021,2,1,66,59,30,1202,324
1/24/2021,2,3,N/A,67,14,1107,924
1/25/2021,2,3,N/A,81,55,562,1062
1/26/2021,2,4,104,79,43,891,256
1/27/2021,2,3,N/A,46,22,159,212
1/28/2021,2,4,64,81,34,1317,871
1/29/2021,2,2,60,48,23,328,461
1/30/2021,2,3,N/A,68,51,377,741
1/31/2021,2,3,N/A,57,60,329,199
2/1/2021,2,3,77,49,48,1929,401
2/2/2021,2,3,83,54,20,945,1758
2/3/2021,2,2,51,83,25,1834,990
2/4/2021,2,4,48,64,17,1749,1584
2/5/2021,2,1,80,61,28,1521,586
2/6/2021,2,2,39,75,55,1765,731
2/7/2021,2,2,42,68,22,1753,1051
2/8/2021,2,4,65,65,18,197,931
2/9/2021,2,1,94,42,50,1537,920
2/10/2021,2,4,45,48,63,563,202
2/11/2021,2,1,67,50,64,494,278
2/12/2021,2,3,63,79,34,1567,1380
2/13/2021,2,2,82,54,46,1539,225
2/14/2021,2,2,106,48,43,1906,503
2/15/2021,2,1,92,55,26,1966,1331
2/16/2021,2,3,65,54,52,1948,662
2/17/2021,2,4,88,50,45,118,538
2/18/2021,2,3,91,41,31,356,1291
2/19/2021,2,1,99,50,58,1740,1360
2/20/2021,2,2,44,60,60,1965,135
2/21/2021,2,2,54,40,40,1575,748
2/22/2021,2,4,60,84,25,1633,912
2/23/2021,2,3,35,55,15,1438,917
2/24/2021,2,4,45,41,55,1965,240
2/25/2021,2,4,109,64,49,1853,1750
2/26/2021,2,2,56,68,38,1881,1111
2/27/2021,2,4,59,65,25,1706,643
2/28/2021,2,3,62,41,17,223,497
3/1/2021,2,1,44,59,28,1331,1741
3/2/2021,2,4,76,52,38,1103,1166
3/3/2021,2,1,89,36,32,1610,133
3/4/2021,2,3,99,76,19,1952,1214
3/5/2021,2,1,93,57,41,816,344
3/6/2021,2,3,64,85,67,670,207
3/7/2021,2,1,68,58,58,494,521
3/8/2021,2,2,75,72,38,653,1554
3/9/2021,2,1,51,48,45,281,610
3/10/2021,2,4,98,43,13,939,1064
3/11/2021,2,2,87,49,58,403,494
3/12/2021,2,1,37,60,59,1543,946
3/13/2021,2,4,109,64,19,1778,1541
3/14/2021,2,2,54,45,28,613,1328
3/15/2021,2,1,113,81,57,1253,1047
3/16/2021,2,2,68,58,56,168,1205
3/17/2021,2,3,92,52,22,550,1642
3/18/2021,2,1,107,51,31,1640,874
3/19/2021,2,4,37,79,56,675,230
3/20/2021,2,2,109,35,54,1995,916
3/21/2021,2,3,98,60,28,1269,1347
3/22/2021,2,1,50,69,55,1713,452
3/23/2021,2,3,80,44,44,853,649
3/24/2021,2,2,80,65,18,764,611
3/25/2021,2,3,72,60,49,1522,1233
3/26/2021,2,2,112,35,33,1087,298
3/27/2021,2,4,83,64,60,450,1194
3/28/2021,2,3,80,71,14,709,1403
3/29/2021,2,3,94,77,23,694,721
3/30/2021,2,4,89,59,33,757,597
3/31/2021,2,4,80,56,48,1590,1356
4/1/2021,2,3,101,35,14,999,691
4/2/2021,2,4,44,42,58,1188,1383
4/3/2021,2,4,94,63,15,775,1706
4/4/2021,2,3,58,35,50,363,1392
4/5/2021,2,2,115,85,21,571,1248
4/6/2021,2,4,91,38,19,623,1704
4/7/2021,2,2,46,43,45,1340,639
4/8/2021,2,4,84,61,34,1311,649
4/9/2021,2,3,49,74,53,168,1167
4/10/2021,2,2,35,79,66,1541,1099
4/11/2021,2,1,57,38,55,651,1611
4/12/2021,2,3,85,83,62,152,1509
4/13/2021,2,3,37,79,50,1371,1698
4/14/2021,2,4,47,85,64,1288,194
4/15/2021,2,1,34,37,37,697,1715
4/16/2021,2,1,55,86,14,862,1424
4/17/2021,2,1,76,39,65,1503,1466
4/18/2021,2,3,61,74,61,1084,919
4/19/2021,2,2,55,38,30,152,1606
4/20/2021,2,1,81,36,53,1473,403
4/21/2021,2,4,66,73,38,410,771
4/22/2021,2,2,64,54,66,1177,1370
4/23/2021,2,4,75,82,22,514,868
4/24/2021,2,3,56,42,18,716,1786
4/25/2021,2,4,48,50,42,600,720
4/26/2021,2,3,54,35,28,773,181
4/27/2021,2,3,118,85,57,1200,499
4/28/2021,2,2,83,57,21,1079,508
4/29/2021,2,2,38,45,47,831,1568
4/30/2021,2,4,82,72,46,554,1074
5/1/2021,2,4,108,62,33,454,387
5/2/2021,2,3,106,35,67,982,1123
5/3/2021,2,4,78,77,14,767,1333
5/4/2021,2,2,62,37,40,329,1675
5/5/2021,2,2,61,36,21,1853,388
5/6/2021,2,3,58,78,16,1064,700
5/7/2021,2,4,109,82,66,670,384
5/8/2021,2,3,100,54,54,1485,627
5/9/2021,2,4,57,61,24,806,914
5/10/2021,2,2,118,78,14,348,1555
5/11/2021,2,2,114,60,51,503,1767
5/12/2021,2,1,42,76,46,367,1307
5/13/2021,2,1,44,75,31,948,214
5/14/2021,2,2,51,49,67,1835,1469
5/15/2021,2,1,59,65,47,1854,1386
5/16/2021,2,2,42,47,28,1152,974
5/17/2021,2,1,78,77,13,1753,669
5/18/2021,2,2,79,48,41,1632,657
5/19/2021,2,3,86,44,51,154,808
5/20/2021,2,3,64,87,66,448,283
5/21/2021,2,2,34,35,57,1246,100
5/22/2021,2,3,104,37,18,1723,202
5/23/2021,2,3,106,47,29,412,995
5/24/2021,2,1,103,37,17,698,1080
5/25/2021,2,2,56,67,37,457,1698
5/26/2021,2,3,84,51,37,1914,484
5/27/2021,2,1,111,65,15,1152,819
5/28/2021,2,3,114,53,57,139,1140
5/29/2021,2,3,117,59,65,1461,474
5/30/2021,2,1,75,87,29,604,483
5/31/2021,2,1,90,70,43,764,1732
6/1/2021,2,4,109,81,12,657,967
6/2/2021,2,2,92,66,39,163,302
6/3/2021,2,4,50,83,43,1214,833
6/4/2021,2,2,36,60,19,1207,318
6/5/2021,2,4,90,80,51,1706,527
6/6/2021,2,4,86,39,45,1475,814
6/7/2021,2,3,52,69,21,873,298
6/8/2021,2,3,70,82,55,1058,275
6/9/2021,2,2,71,73,41,661,343
6/10/2021,2,1,37,41,29,571,608
6/11/2021,2,2,116,79,21,1235,1504
6/12/2021,2,1,109,62,12,1784,1610
6/13/2021,2,1,107,56,54,1345,1183
6/14/2021,2,1,108,82,15,1550,923
6/15/2021,2,3,41,34,50,1932,1706
6/16/2021,2,3,46,54,20,878,901
6/17/2021,2,4,57,49,21,333,1208
6/18/2021,2,1,92,41,28,150,600
6/19/2021,2,1,67,79,50,1565,1315
6/20/2021,2,3,69,87,23,393,1516
6/21/2021,2,3,111,82,60,1411,886
6/22/2021,2,2,84,70,33,784,330
6/23/2021,2,2,103,45,29,597,506
6/24/2021,2,2,47,61,42,1211,1013
6/25/2021,2,4,112,66,24,740,1612
6/26/2021,2,3,94,35,43,1941,1123
6/27/2021,2,4,68,78,54,385,1599
6/28/2021,2,2,101,45,33,1653,1539
6/29/2021,2,2,79,69,53,1650,700
6/30/2021,2,4,34,64,63,1253,160
7/1/2021,2,1,82,67,26,1436,826
7/2/2021,2,4,71,73,19,284,802
7/3/2021,2,4,74,34,12,946,1562
7/4/2021,2,4,72,46,51,1112,264
7/5/2021,2,4,71,76,40,524,1075
7/6/2021,2,2,46,81,33,1875,1137
7/7/2021,2,3,42,40,44,1273,840
7/8/2021,2,4,102,65,12,946,1679
7/9/2021,2,2,58,72,31,1267,1371
7/10/2021,2,2,40,59,55,1280,833
7/11/2021,2,2,118,36,38,396,1467
7/12/2021,2,4,78,39,36,1487,1276
1/1/2021,3,1,100,42,39,1769,1057
1/2/2021,3,3,N/A,35,29,212,695
1/3/2021,3,2,90,77,16,1161,1055
1/4/2021,3,2,38,68,33,518,626
1/5/2021,3,3,N/A,40,25,1596,262
1/6/2021,3,2,103,48,35,1114,787
1/7/2021,3,1,106,78,16,678,1301
1/8/2021,3,4,84,44,55,982,1606
1/9/2021,3,1,73,71,50,1409,1318
1/10/2021,3,4,118,84,50,867,1187
1/11/2021,3,1,97,55,29,1849,573
1/12/2021,3,3,N/A,81,65,1813,1377
1/13/2021,3,4,62,64,66,855,966
1/14/2021,3,4,54,64,23,1741,889
1/15/2021,3,4,99,86,57,428,1213
1/16/2021,3,2,114,57,24,101,718
1/17/2021,3,4,63,87,33,1012,724
1/18/2021,3,2,82,82,54,1612,758
1/19/2021,3,3,N/A,62,13,380,556
1/20/2021,3,2,67,56,57,496,1410
1/21/2021,3,3,N/A,84,42,1231,1419
1/22/2021,3,3,N/A,53,50,567,927
1/23/2021,3,1,70,86,20,701,115
1/24/2021,3,4,110,58,25,1845,1570
1/25/2021,3,1,97,56,24,913,192
1/26/2021,3,2,118,66,25,790,1661
1/27/2021,3,3,N/A,73,12,1441,1066
1/28/2021,3,4,102,74,25,341,105
1/29/2021,3,3,N/A,61,54,710,1657
1/30/2021,3,4,60,69,25,1263,784
1/31/2021,3,1,47,56,46,1689,343
2/1/2021,3,3,52,76,56,986,1399
2/2/2021,3,1,47,34,19,208,507
2/3/2021,3,4,70,86,63,416,1315
2/4/2021,3,1,41,87,42,697,1373
2/5/2021,3,4,99,70,57,1566,1044
2/6/2021,3,2,116,60,40,1819,140
2/7/2021,3,3,110,81,55,1519,1115
2/8/2021,3,1,34,85,64,416,726
2/9/2021,3,1,78,74,49,375,1425
2/10/2021,3,4,82,58,51,1959,403
2/11/2021,3,1,60,86,66,513,1479
2/12/2021,3,1,88,79,65,1812,803
2/13/2021,3,1,111,79,58,1269,1639
2/14/2021,3,2,85,60,16,579,803
2/15/2021,3,3,83,63,20,545,1027
2/16/2021,3,3,72,66,64,250,796
2/17/2021,3,3,58,72,41,386,778
2/18/2021,3,4,73,58,26,1515,154
2/19/2021,3,1,44,42,59,1024,779
2/20/2021,3,4,92,73,31,1461,628
2/21/2021,3,1,34,47,16,1840,1737
2/22/2021,3,1,55,78,67,1826,1372
2/23/2021,3,4,100,75,55,925,468
2/24/2021,3,1,117,36,16,607,218
2/25/2021,3,4,60,49,51,572,1536
2/26/2021,3,3,36,47,65,351,1532
2/27/2021,3,3,49,44,63,203,1707
2/28/2021,3,2,36,53,36,1526,1363
3/1/2021,3,2,92,79,48,866,547
3/2/2021,3,1,54,54,49,816,727
3/3/2021,3,4,116,35,57,695,614
3/4/2021,3,1,85,38,55,1413,609
3/5/2021,3,2,95,41,61,1208,261
3/6/2021,3,3,53,71,35,1595,1536
3/7/2021,3,3,35,41,28,463,253
3/8/2021,3,3,63,73,24,1144,1262
3/9/2021,3,4,46,47,44,2000,1404
3/10/2021,3,4,57,36,39,1334,1450
3/11/2021,3,4,38,70,12,276,374
3/12/2021,3,4,48,78,58,789,425
3/13/2021,3,2,42,81,28,1851,1073
3/14/2021,3,4,91,49,63,1411,1014
3/15/2021,3,4,78,62,39,411,1502
3/16/2021,3,2,64,35,49,539,1620
3/17/2021,3,4,105,35,60,1061,626
3/18/2021,3,1,51,49,56,663,1284
3/19/2021,3,4,40,73,59,1086,157
3/20/2021,3,4,48,59,43,1485,1383
3/21/2021,3,4,79,62,27,1853,137
3/22/2021,3,1,58,79,44,1020,1298
3/23/2021,3,1,80,63,42,1735,1008
3/24/2021,3,4,84,61,45,1944,166
3/25/2021,3,4,37,60,27,1736,185
3/26/2021,3,3,59,64,65,743,1338
3/27/2021,3,1,110,37,15,692,1715
3/28/2021,3,2,103,69,54,1298,450
3/29/2021,3,4,90,43,39,480,557
3/30/2021,3,4,77,57,36,481,1758
3/31/2021,3,2,84,47,38,732,253
4/1/2021,3,3,74,82,40,1728,1223
4/2/2021,3,2,41,86,39,120,808
4/3/2021,3,1,85,48,33,1617,325
4/4/2021,3,4,45,51,61,1908,1686
4/5/2021,3,1,76,44,27,219,1141
4/6/2021,3,2,48,46,42,1789,1385
4/7/2021,3,2,116,79,15,1800,148
4/8/2021,3,2,38,45,60,1259,1460
4/9/2021,3,2,66,58,64,127,1113
4/10/2021,3,3,115,81,22,1493,310
4/11/2021,3,1,91,84,43,1878,943
4/12/2021,3,1,114,49,37,1227,1356
4/13/2021,3,1,110,54,33,1634,1691
4/14/2021,3,3,79,80,38,831,219
4/15/2021,3,1,53,36,49,1827,1583
4/16/2021,3,2,65,41,15,897,1788
4/17/2021,3,1,115,49,46,1889,565
4/18/2021,3,2,116,86,16,861,413
4/19/2021,3,1,102,61,62,599,1627
4/20/2021,3,3,67,65,42,276,1277
4/21/2021,3,2,63,68,61,1180,1373
4/22/2021,3,1,91,81,54,462,1469
4/23/2021,3,4,109,85,57,821,256
4/24/2021,3,1,109,61,33,1273,1386
4/25/2021,3,4,114,38,13,129,538
4/26/2021,3,4,59,79,16,132,142
4/27/2021,3,4,79,62,55,427,1787
4/28/2021,3,2,47,52,37,1548,1544
4/29/2021,3,3,63,56,46,1117,991
4/30/2021,3,3,81,35,66,491,1212
5/1/2021,3,4,77,83,35,1915,878
5/2/2021,3,4,35,38,52,1602,1711
5/3/2021,3,3,99,82,36,1569,776
5/4/2021,3,1,44,58,52,883,668
5/5/2021,3,2,107,67,59,1861,1176
5/6/2021,3,3,58,59,52,1949,1188
5/7/2021,3,1,120,43,32,757,1011
5/8/2021,3,1,34,79,30,1884,1010
5/9/2021,3,2,114,42,34,1872,1431
5/10/2021,3,4,65,85,61,1885,118
5/11/2021,3,3,90,76,63,1544,198
5/12/2021,3,1,45,48,34,601,1138
5/13/2021,3,1,74,86,59,1766,1277
5/14/2021,3,4,36,85,52,142,908
5/15/2021,3,2,49,69,48,1939,1257
5/16/2021,3,3,86,57,16,917,1004
5/17/2021,3,2,73,36,19,1590,1734
5/18/2021,3,1,35,83,16,1883,1241
5/19/2021,3,3,65,38,35,533,1460
5/20/2021,3,4,57,67,30,717,1690
5/21/2021,3,4,64,81,14,804,1734
5/22/2021,3,1,64,60,34,430,883
5/23/2021,3,1,95,38,38,1722,326
5/24/2021,3,2,35,54,51,452,1094
5/25/2021,3,2,50,86,18,317,1252
5/26/2021,3,1,43,84,20,152,427
5/27/2021,3,1,85,37,48,1915,835
5/28/2021,3,3,102,80,60,1553,1111
5/29/2021,3,3,78,37,41,1687,750
5/30/2021,3,1,111,58,61,1589,1299
5/31/2021,3,3,119,72,43,567,657
6/1/2021,3,3,50,59,49,630,1350
6/2/2021,3,3,62,83,54,1962,1645
6/3/2021,3,4,53,38,58,949,1613
6/4/2021,3,2,98,59,27,947,1591
6/5/2021,3,4,95,73,17,1904,1421
6/6/2021,3,2,115,36,48,997,639
6/7/2021,3,2,68,58,18,1947,897
6/8/2021,3,1,51,87,45,590,903
6/9/2021,3,3,66,84,34,1025,627
6/10/2021,3,2,61,59,34,1760,1717
6/11/2021,3,1,98,83,21,484,170
6/12/2021,3,2,45,43,49,1184,1144
6/13/2021,3,3,102,77,34,421,1102
6/14/2021,3,3,103,37,20,1085,847
6/15/2021,3,1,54,68,65,1526,797
6/16/2021,3,1,96,86,17,298,1162
6/17/2021,3,4,100,55,29,1595,165
6/18/2021,3,3,39,87,27,699,1031
6/19/2021,3,1,34,74,29,1438,749
6/20/2021,3,2,78,80,48,1968,1422
6/21/2021,3,2,114,37,49,147,1501
6/22/2021,3,4,64,43,57,636,888
6/23/2021,3,4,55,42,64,470,424
6/24/2021,3,3,37,73,41,126,603
6/25/2021,3,3,105,72,24,1766,615
6/26/2021,3,2,60,54,65,1325,1371
6/27/2021,3,4,53,75,58,1409,1631
6/28/2021,3,1,68,40,45,219,215
6/29/2021,3,4,97,47,41,1480,810
6/30/2021,3,1,80,85,16,510,1492
7/1/2021,3,3,85,47,44,1697,1412
7/2/2021,3,4,56,72,48,1725,1379
7/3/2021,3,3,43,83,46,121,1650
7/4/2021,3,2,75,59,34,580,785
7/5/2021,3,1,89,46,45,1480,1137
7/6/2021,3,4,86,41,51,210,255
7/7/2021,3,4,54,55,25,825,322
7/8/2021,3,3,46,34,32,409,255
7/9/2021,3,1,108,64,23,600,1742
7/10/2021,3,3,59,68,23,1160,365
7/11/2021,3,3,92,60,44,935,1516
7/12/2021,3,1,120,78,63,592,377
1/1/2021,4,2,72,51,57,1395,641
1/2/2021,4,1,51,40,19,291,1425
1/3/2021,4,3,N/A,48,40,134,1085
1/4/2021,4,2,118,47,58,1882,1394
1/5/2021,4,3,N/A,63,22,663,1049
1/6/2021,4,4,72,62,44,1493,810
1/7/2021,4,2,89,74,21,1351,807
1/8/2021,4,2,45,50,13,1707,791
1/9/2021,4,4,63,70,34,155,1584
1/10/2021,4,3,N/A,71,18,315,1727
1/11/2021,4,4,112,67,32,282,1272
1/12/2021,4,2,106,42,39,1651,1762
1/13/2021,4,1,53,68,65,486,1677
1/14/2021,4,4,71,66,25,361,506
1/15/2021,4,3,N/A,39,15,1675,309
1/16/2021,4,2,44,34,55,316,598
1/17/2021,4,4,86,82,40,1156,769
1/18/2021,4,3,N/A,71,57,976,1128
1/19/2021,4,3,N/A,36,60,1254,1234
1/20/2021,4,1,62,69,15,1976,711
1/21/2021,4,2,54,63,56,1583,457
1/22/2021,4,4,60,59,36,1094,262
1/23/2021,4,1,62,35,51,957,1280
1/24/2021,4,4,41,49,40,1603,142
1/25/2021,4,2,72,39,62,734,1184
1/26/2021,4,3,N/A,74,31,452,1756
1/27/2021,4,1,96,39,60,697,526
1/28/2021,4,2,43,70,44,1406,207
1/29/2021,4,1,107,46,44,1958,883
1/30/2021,4,4,65,62,37,273,1222
1/31/2021,4,2,74,73,17,1441,1041
2/1/2021,4,3,100,74,25,1679,1247
2/2/2021,4,4,57,60,62,1562,308
2/3/2021,4,1,55,68,35,1603,841
2/4/2021,4,4,39,65,66,1944,1250
2/5/2021,4,2,119,66,55,638,664
2/6/2021,4,3,78,67,67,1536,1721
2/7/2021,4,4,72,34,59,1782,731
2/8/2021,4,2,104,69,57,1113,394
2/9/2021,4,3,117,78,14,355,1132
2/10/2021,4,4,107,81,20,1760,1027
2/11/2021,4,4,120,73,17,1584,1551
2/12/2021,4,1,106,43,24,1717,170
2/13/2021,4,4,43,67,27,1608,1054
2/14/2021,4,2,58,75,45,1733,838
2/15/2021,4,3,40,67,51,439,1386
2/16/2021,4,4,100,85,19,494,238
2/17/2021,4,1,44,59,16,762,310
2/18/2021,4,2,84,58,64,1105,282
2/19/2021,4,2,41,74,17,644,310
2/20/2021,4,4,37,56,64,1978,702
2/21/2021,4,4,111,78,66,1363,992
2/22/2021,4,4,111,58,23,1057,1623
2/23/2021,4,2,105,77,31,927,1437
2/24/2021,4,2,36,40,32,1775,791
2/25/2021,4,2,109,78,29,528,932
2/26/2021,4,4,104,72,46,1045,1641
2/27/2021,4,1,49,50,22,717,1050
2/28/2021,4,2,84,80,62,1925,1640
3/1/2021,4,2,71,35,66,816,1633
3/2/2021,4,1,60,70,49,689,1672
3/3/2021,4,2,77,80,49,1579,1392
3/4/2021,4,3,80,70,41,111,548
3/5/2021,4,2,53,43,15,1414,812
3/6/2021,4,4,47,58,34,741,579
3/7/2021,4,3,75,65,25,1095,384
3/8/2021,4,2,90,60,14,805,118
3/9/2021,4,4,92,71,63,756,1426
3/10/2021,4,3,85,39,43,330,227
3/11/2021,4,2,39,77,32,170,104
3/12/2021,4,2,65,44,54,657,1240
3/13/2021,4,2,70,72,29,789,1142
3/14/2021,4,1,57,66,25,1785,707
3/15/2021,4,3,74,35,50,655,547
3/16/2021,4,4,84,50,31,1652,356
3/17/2021,4,4,64,41,46,598,1789
3/18/2021,4,1,61,39,39,856,1029
3/19/2021,4,2,74,77,39,1864,1499
3/20/2021,4,2,118,38,19,1288,576
3/21/2021,4,4,80,55,55,1538,1602
3/22/2021,4,2,105,63,12,716,1248
3/23/2021,4,3,41,81,45,746,1641
3/24/2021,4,4,59,34,67,396,1127
3/25/2021,4,4,67,50,25,1103,1703
3/26/2021,4,3,107,36,67,1829,556
3/27/2021,4,4,73,44,32,654,1215
3/28/2021,4,3,71,81,63,426,1080
3/29/2021,4,4,58,42,48,1023,586
3/30/2021,4,3,96,44,34,870,1137
3/31/2021,4,1,76,61,54,1082,485
4/1/2021,4,1,45,87,39,664,691
4/2/2021,4,2,34,81,28,1639,1605
4/3/2021,4,3,94,77,44,1334,651
4/4/2021,4,3,100,78,47,119,257
4/5/2021,4,2,46,47,46,1511,817
4/6/2021,4,4,83,81,19,665,615
4/7/2021,4,4,63,55,27,614,461
4/8/2021,4,3,99,36,18,1739,472
4/9/2021,4,3,51,38,67,1006,769
4/10/2021,4,2,80,63,49,443,1431
4/11/2021,4,4,73,58,54,1152,1301
4/12/2021,4,3,120,57,52,1945,256
4/13/2021,4,4,42,81,62,1245,1571
4/14/2021,4,3,68,77,40,1095,1345
4/15/2021,4,3,67,61,60,1588,289
4/16/2021,4,2,35,57,26,184,807
4/17/2021,4,1,114,82,65,676,1264
4/18/2021,4,4,89,34,27,195,1237
4/19/2021,4,2,56,40,40,747,869
4/20/2021,4,3,119,75,36,1747,387
4/21/2021,4,3,80,42,43,1130,1066
4/22/2021,4,4,43,42,25,1224,302
4/23/2021,4,1,50,69,38,1326,762
4/24/2021,4,2,106,67,64,261,1466
4/25/2021,4,4,100,41,47,1032,536
4/26/2021,4,3,56,77,53,337,799
4/27/2021,4,2,77,36,47,400,1268
4/28/2021,4,3,94,38,25,1052,1531
4/29/2021,4,2,113,68,13,316,756
4/30/2021,4,4,50,63,34,918,1615
5/1/2021,4,2,61,82,36,1226,1439
5/2/2021,4,3,75,62,58,1544,1594
5/3/2021,4,4,86,67,12,616,1108
5/4/2021,4,4,40,81,37,1610,882
5/5/2021,4,3,101,86,35,718,1377
5/6/2021,4,3,116,56,63,1629,1170
5/7/2021,4,4,65,56,61,1467,645
5/8/2021,4,2,84,48,24,1722,937
5/9/2021,4,2,62,56,35,981,714
5/10/2021,4,1,75,47,56,1712,1106
5/11/2021,4,3,75,42,41,1670,1154
5/12/2021,4,4,66,69,22,397,1286
5/13/2021,4,2,118,77,36,1055,1438
5/14/2021,4,3,90,68,64,1456,740
5/15/2021,4,3,89,61,42,1424,1545
5/16/2021,4,3,76,63,28,1055,1399
5/17/2021,4,4,49,81,39,1507,1644
5/18/2021,4,4,110,49,61,603,1751
5/19/2021,4,3,90,84,63,1398,1438
5/20/2021,4,1,82,53,14,274,1321
5/21/2021,4,1,98,49,26,448,1067
5/22/2021,4,1,94,80,33,1352,1409
5/23/2021,4,1,102,57,36,1637,563
5/24/2021,4,4,40,84,23,1190,555
5/25/2021,4,2,73,87,51,198,1251
5/26/2021,4,3,52,51,13,517,613
5/27/2021,4,3,73,73,28,646,1675
5/28/2021,4,1,59,44,39,1802,1245
5/29/2021,4,1,35,45,62,831,303
5/30/2021,4,2,88,61,56,1637,1465
5/31/2021,4,3,71,82,51,1566,621
6/1/2021,4,3,104,83,56,1505,1345
6/2/2021,4,1,62,54,39,1465,288
6/3/2021,4,4,112,53,36,870,404
6/4/2021,4,4,41,71,53,226,1094
6/5/2021,4,2,75,55,44,1981,1103
6/6/2021,4,2,93,54,47,403,1021
6/7/2021,4,3,118,49,47,814,290
6/8/2021,4,2,114,85,13,690,1421
6/9/2021,4,1,45,40,56,1180,1741
6/10/2021,4,1,75,52,28,349,217
6/11/2021,4,1,60,61,15,1100,233
6/12/2021,4,1,53,53,61,1925,1324
6/13/2021,4,2,108,63,13,1898,683
6/14/2021,4,3,89,36,52,914,1206
6/15/2021,4,4,47,59,33,572,283
6/16/2021,4,3,109,86,53,1943,638
6/17/2021,4,4,64,43,42,1855,280
6/18/2021,4,4,110,81,27,539,1491
6/19/2021,4,2,56,82,14,1927,1582
6/20/2021,4,3,90,87,22,1122,1015
6/21/2021,4,2,59,61,56,1591,1761
6/22/2021,4,4,58,71,19,397,937
6/23/2021,4,4,74,79,67,1073,1095
6/24/2021,4,2,41,51,60,592,1189
6/25/2021,4,2,119,70,54,618,1122
6/26/2021,4,2,117,59,33,239,1100
6/27/2021,4,3,50,45,32,344,1492
6/28/2021,4,2,44,70,30,1253,116
6/29/2021,4,2,63,55,63,778,1391
6/30/2021,4,1,80,60,40,1372,494
7/1/2021,4,1,55,75,21,1596,440
7/2/2021,4,1,66,51,18,914,1156
7/3/2021,4,1,63,58,58,748,1287
7/4/2021,4,3,75,80,13,1701,1264
7/5/2021,4,3,79,63,53,1825,1694
7/6/2021,4,3,68,84,33,1165,604
7/7/2021,4,3,55,76,40,1993,122
7/8/2021,4,2,93,73,12,1805,556
7/9/2021,4,4,34,67,44,1926,400
7/10/2021,4,2,108,39,26,794,1108
7/11/2021,4,1,83,58,25,1528,461
7/12/2021,4,2,35,63,30,582,1021
1/1/2021,5,3,N/A,87,26,1876,964
1/2/2021,5,4,48,37,15,740,1194
1/3/2021,5,1,51,63,32,380,158
1/4/2021,5,3,N/A,68,12,887,647
1/5/2021,5,2,114,35,59,1068,1613
1/6/2021,5,1,40,86,21,473,1650
1/7/2021,5,3,N/A,69,38,710,444
1/8/2021,5,1,52,61,49,1547,520
1/9/2021,5,4,109,42,56,838,681
1/10/2021,5,3,N/A,47,34,358,1123
1/11/2021,5,4,62,47,43,503,332
1/12/2021,5,1,73,73,61,294,1217
1/13/2021,5,2,53,38,35,905,662
1/14/2021,5,3,N/A,58,30,104,994
1/15/2021,5,3,N/A,54,26,272,264
1/16/2021,5,1,37,80,50,761,434
1/17/2021,5,2,55,38,19,225,1197
1/18/2021,5,4,50,50,27,1457,517
1/19/2021,5,3,N/A,49,59,544,1409
1/20/2021,5,3,N/A,47,27,499,237
1/21/2021,5,4,52,42,23,1407,1519
1/22/2021,5,2,116,65,48,1861,1071
1/23/2021,5,2,96,52,16,444,1485
1/24/2021,5,1,40,71,57,1296,1093
1/25/2021,5,3,N/A,79,65,187,1509
1/26/2021,5,3,N/A,55,64,1665,752
1/27/2021,5,2,103,66,19,1318,889
1/28/2021,5,2,76,60,17,1118,928
1/29/2021,5,4,50,83,35,1250,1104
1/30/2021,5,1,45,44,19,1514,518
1/31/2021,5,3,N/A,41,63,629,1722
2/1/2021,5,3,81,82,62,1033,431
2/2/2021,5,1,74,53,62,1845,1087
2/3/2021,5,2,74,84,66,1362,1139
2/4/2021,5,1,60,39,59,883,959
2/5/2021,5,2,68,65,63,459,1420
2/6/2021,5,1,80,76,30,676,1535
2/7/2021,5,3,41,47,35,523,970
2/8/2021,5,1,55,35,25,857,621
2/9/2021,5,1,93,48,31,1912,1501
2/10/2021,5,2,99,84,51,600,1511
2/11/2021,5,2,99,71,34,633,505
2/12/2021,5,2,84,71,50,1208,242
2/13/2021,5,1,57,70,61,276,1189
2/14/2021,5,1,61,61,33,1101,449
2/15/2021,5,2,41,52,20,633,138
2/16/2021,5,1,85,34,48,1656,679
2/17/2021,5,1,84,36,31,673,1126
2/18/2021,5,2,108,72,47,914,1188
2/19/2021,5,2,102,83,29,564,1657
2/20/2021,5,2,106,51,64,1190,804
2/21/2021,5,1,37,75,61,1697,449
2/22/2021,5,3,73,75,21,593,1242
2/23/2021,5,3,44,53,48,1879,554
2/24/2021,5,3,65,59,46,1901,829
2/25/2021,5,2,96,50,55,942,1434
2/26/2021,5,2,52,87,48,1241,1249
2/27/2021,5,3,62,82,32,1950,563
2/28/2021,5,3,100,78,38,1692,732
3/1/2021,5,1,72,71,52,872,1288
3/2/2021,5,3,96,46,42,944,959
3/3/2021,5,2,56,67,65,813,1324
3/4/2021,5,4,63,56,48,1198,740
3/5/2021,5,3,113,75,27,100,1369
3/6/2021,5,1,73,39,53,1275,310
3/7/2021,5,1,34,49,53,1978,145
3/8/2021,5,2,110,71,17,1672,617
3/9/2021,5,2,95,61,56,763,1771
3/10/2021,5,4,101,67,15,1133,1673
3/11/2021,5,4,95,45,40,457,743
3/12/2021,5,4,91,56,39,671,969
3/13/2021,5,2,101,45,22,1199,488
3/14/2021,5,3,81,55,54,1291,382
3/15/2021,5,4,52,62,54,1039,1716
3/16/2021,5,4,65,38,17,1833,935
3/17/2021,5,3,84,85,12,1366,1359
3/18/2021,5,3,97,37,14,708,985
3/19/2021,5,3,35,73,21,840,1018
3/20/2021,5,2,117,77,42,218,1551
3/21/2021,5,3,115,81,59,1718,1778
3/22/2021,5,3,36,41,40,373,1470
3/23/2021,5,1,76,60,27,518,1074
3/24/2021,5,4,102,81,53,1234,456
3/25/2021,5,3,47,49,26,848,1376
3/26/2021,5,1,43,47,27,1437,1067
3/27/2021,5,1,119,74,27,1530,1541
3/28/2021,5,3,46,83,39,604,802
3/29/2021,5,1,75,64,48,1820,388
3/30/2021,5,3,82,80,14,261,1538
3/31/2021,5,4,119,69,30,1829,1620
4/1/2021,5,3,101,58,15,1516,943
4/2/2021,5,1,68,67,19,1861,1568
4/3/2021,5,3,109,56,31,1156,1032
4/4/2021,5,1,95,79,42,1171,925
4/5/2021,5,2,91,74,19,867,1150
4/6/2021,5,1,107,60,35,610,897
4/7/2021,5,3,52,76,55,484,1234
4/8/2021,5,2,56,77,60,212,996
4/9/2021,5,2,93,79,52,1799,289
4/10/2021,5,3,67,56,50,1480,628
4/11/2021,5,1,54,42,55,756,1487
4/12/2021,5,2,86,72,32,680,1387
4/13/2021,5,2,64,75,35,930,760
4/14/2021,5,3,106,62,13,443,1770
4/15/2021,5,3,113,73,23,686,360
4/16/2021,5,2,110,37,58,1570,431
4/17/2021,5,2,53,40,52,1063,1414
4/18/2021,5,3,116,80,34,1315,251
4/19/2021,5,3,71,36,25,926,1675
4/20/2021,5,4,86,56,46,289,352
4/21/2021,5,4,110,64,38,1362,1464
4/22/2021,5,4,114,55,46,1912,1646
4/23/2021,5,1,92,58,20,1228,369
4/24/2021,5,1,61,73,52,1067,1196
4/25/2021,5,2,72,49,22,1804,427
4/26/2021,5,1,66,83,13,648,661
4/27/2021,5,4,60,42,47,1338,504
4/28/2021,5,1,36,78,35,324,1431
4/29/2021,5,1,66,85,22,1602,1017
4/30/2021,5,4,45,36,21,1997,1758
5/1/2021,5,1,71,68,65,1018,1079
5/2/2021,5,1,83,64,51,610,164
5/3/2021,5,1,65,42,23,887,1182
5/4/2021,5,2,108,75,23,994,1167
5/5/2021,5,1,94,37,23,1370,1187
5/6/2021,5,2,88,46,28,267,930
5/7/2021,5,1,62,86,32,1851,442
5/8/2021,5,2,83,67,15,1241,1315
5/9/2021,5,2,88,68,46,1594,750
5/10/2021,5,2,69,67,29,149,1092
5/11/2021,5,2,109,69,47,1615,275
5/12/2021,5,3,46,67,30,1459,451
5/13/2021,5,3,36,53,46,101,714
5/14/2021,5,2,84,54,32,999,1387
5/15/2021,5,2,74,70,58,201,1207
5/16/2021,5,2,88,46,41,148,1456
5/17/2021,5,4,82,78,12,613,1367
5/18/2021,5,3,96,81,39,1789,133
5/19/2021,5,3,81,83,45,1485,1283
5/20/2021,5,2,53,34,47,268,583
5/21/2021,5,3,34,48,12,1995,250
5/22/2021,5,1,34,40,65,405,1148
5/23/2021,5,3,91,46,25,1337,1580
5/24/2021,5,3,84,47,47,459,854
5/25/2021,5,2,99,69,44,594,1183
5/26/2021,5,2,39,41,26,242,530
5/27/2021,5,2,97,81,36,1257,301
5/28/2021,5,4,106,47,53,1411,645
5/29/2021,5,2,105,83,28,1634,208
5/30/2021,5,1,89,51,34,664,1236
5/31/2021,5,4,77,85,44,649,1176
6/1/2021,5,2,98,62,42,1152,1433
6/2/2021,5,2,118,59,42,1467,743
6/3/2021,5,1,57,76,39,1608,301
6/4/2021,5,1,89,71,54,1537,1077
6/5/2021,5,2,119,36,16,316,1723
6/6/2021,5,3,36,63,18,712,627
6/7/2021,5,3,68,45,14,1696,724
6/8/2021,5,3,64,76,19,841,1304
6/9/2021,5,3,60,68,60,1666,164
6/10/2021,5,1,57,41,53,507,231
6/11/2021,5,3,59,45,24,377,600
6/12/2021,5,2,116,60,16,1499,489
6/13/2021,5,4,105,69,63,1447,753
6/14/2021,5,3,119,35,50,611,1072
6/15/2021,5,4,53,71,50,1317,192
6/16/2021,5,1,110,68,37,1984,1013
6/17/2021,5,3,43,71,66,205,1689
6/18/2021,5,3,105,65,17,342,687
6/19/2021,5,4,87,64,40,669,1483
6/20/2021,5,2,83,57,38,1898,514
6/21/2021,5,2,98,81,39,1642,1637
6/22/2021,5,2,56,49,65,667,454
6/23/2021,5,1,45,37,61,1438,936
6/24/2021,5,2,69,64,65,843,441
6/25/2021,5,4,72,75,58,1620,145
6/26/2021,5,4,101,49,16,1835,309
6/27/2021,5,1,35,46,45,1573,820
6/28/2021,5,3,98,52,28,1688,1585
6/29/2021,5,4,49,44,48,1611,1544
6/30/2021,5,1,109,87,31,1355,440
7/1/2021,5,2,72,86,26,644,542
7/2/2021,5,1,104,80,35,1595,1118
7/3/2021,5,3,84,78,20,1649,449
7/4/2021,5,1,44,66,59,1757,347
7/5/2021,5,1,86,74,42,889,1688
7/6/2021,5,3,89,82,47,1859,871
7/7/2021,5,3,44,51,66,251,1725
7/8/2021,5,4,119,71,65,869,1272
7/9/2021,5,1,84,83,53,1144,116
7/10/2021,5,2,67,80,44,1561,509
7/11/2021,5,1,58,58,35,1952,1470
7/12/2021,5,1,82,64,62,1726,1669
1/1/2021,6,2,42,77,61,654,633
1/2/2021,6,2,112,61,60,1256,345
1/3/2021,6,4,106,36,64,752,109
1/4/2021,6,2,63,38,55,998,875
1/5/2021,6,4,71,73,33,245,972
1/6/2021,6,2,117,77,45,1100,969
1/7/2021,6,4,48,72,58,1862,1430
1/8/2021,6,3,N/A,53,53,217,1075
1/9/2021,6,2,94,74,44,978,1303
1/10/2021,6,4,88,82,16,1642,894
1/11/2021,6,1,67,86,48,1188,1759
1/12/2021,6,1,92,52,21,1296,1005
1/13/2021,6,3,N/A,55,40,1200,1325
1/14/2021,6,4,42,67,23,467,1772
1/15/2021,6,3,N/A,47,21,253,925
1/16/2021,6,4,119,42,47,211,1613
1/17/2021,6,1,67,77,31,919,1641
1/18/2021,6,3,N/A,47,28,639,1167
1/19/2021,6,3,N/A,50,58,1638,250
1/20/2021,6,2,94,68,45,908,940
1/21/2021,6,3,N/A,81,59,1399,1300
1/22/2021,6,3,N/A,83,44,421,634
1/23/2021,6,2,82,65,58,159,401
1/24/2021,6,2,94,85,44,1399,172
1/25/2021,6,1,86,81,29,1415,1306
1/26/2021,6,1,98,55,64,1139,618
1/27/2021,6,3,N/A,56,19,101,1351
1/28/2021,6,1,55,67,58,1772,798
1/29/2021,6,3,N/A,74,64,250,1074
1/30/2021,6,3,N/A,74,52,646,1393
1/31/2021,6,2,75,36,53,1782,1628
2/1/2021,6,3,71,56,51,210,1127
2/2/2021,6,1,102,86,53,1808,1149
2/3/2021,6,3,103,83,24,552,888
2/4/2021,6,3,60,82,64,1140,1074
2/5/2021,6,1,85,52,53,977,1792
2/6/2021,6,4,86,45,18,824,588
2/7/2021,6,2,58,42,23,240,1311
2/8/2021,6,4,56,39,36,1554,1175
2/9/2021,6,1,71,66,28,1176,1406
2/10/2021,6,4,103,73,52,578,1600
2/11/2021,6,1,70,67,66,1706,719
2/12/2021,6,1,85,61,13,1914,1558
2/13/2021,6,3,118,83,48,1966,1727
2/14/2021,6,3,106,67,51,1580,472
2/15/2021,6,3,93,69,49,1748,523
2/16/2021,6,3,36,82,24,327,1794
2/17/2021,6,1,117,41,59,367,1527
2/18/2021,6,4,78,49,53,311,326
2/19/2021,6,2,55,57,34,1270,1264
2/20/2021,6,3,62,67,63,798,1762
2/21/2021,6,2,109,35,19,1584,977
2/22/2021,6,3,98,49,44,1888,855
2/23/2021,6,2,38,65,45,308,1480
2/24/2021,6,3,71,49,34,809,652
2/25/2021,6,4,73,41,38,1003,747
2/26/2021,6,3,37,45,12,1298,674
2/27/2021,6,4,47,83,17,294,1122
2/28/2021,6,1,101,59,53,1898,539
3/1/2021,6,2,90,87,60,309,737
3/2/2021,6,1,120,40,59,1319,815
3/3/2021,6,2,120,59,30,509,706
3/4/2021,6,2,45,64,25,1114,1120
3/5/2021,6,2,78,71,16,1965,117
3/6/2021,6,3,105,82,35,1635,441
3/7/2021,6,4,42,55,35,915,1606
3/8/2021,6,1,107,72,66,309,1366
3/9/2021,6,4,50,81,23,1950,150
3/10/2021,6,2,83,68,65,1142,1138
3/11/2021,6,4,90,72,20,1444,211
3/12/2021,6,1,54,82,36,1455,329
3/13/2021,6,3,49,64,22,582,1383
3/14/2021,6,1,101,45,62,1566,1275
3/15/2021,6,1,104,84,59,1763,1113
3/16/2021,6,4,72,35,15,1622,299
3/17/2021,6,1,35,43,55,161,1494
3/18/2021,6,1,59,78,58,102,1510
3/19/2021,6,4,94,39,17,308,1336
3/20/2021,6,2,90,45,51,284,706
3/21/2021,6,2,54,57,67,128,1682
3/22/2021,6,1,97,34,52,1443,476
3/23/2021,6,1,111,55,57,1030,1467
3/24/2021,6,3,46,58,12,1295,1611
3/25/2021,6,1,117,84,12,1241,1605
3/26/2021,6,2,90,36,15,1420,1601
3/27/2021,6,1,90,82,31,798,539
3/28/2021,6,2,45,34,36,436,909
3/29/2021,6,2,71,35,32,1972,1176
3/30/2021,6,2,65,71,27,1613,1113
3/31/2021,6,2,62,42,37,1786,1386
4/1/2021,6,2,86,67,21,1844,450
4/2/2021,6,4,53,85,22,939,370
4/3/2021,6,2,98,63,67,531,316
4/4/2021,6,1,56,51,60,118,177
4/5/2021,6,3,67,41,55,461,1697
4/6/2021,6,4,40,39,57,1990,204
4/7/2021,6,3,53,81,28,1372,959
4/8/2021,6,3,112,52,47,1952,798
4/9/2021,6,1,102,66,32,648,954
4/10/2021,6,3,107,51,14,1633,444
4/11/2021,6,4,86,74,38,1391,713
4/12/2021,6,2,36,48,40,1396,167
4/13/2021,6,2,98,77,37,486,1312
4/14/2021,6,4,73,87,42,1106,1602
4/15/2021,6,1,93,87,32,1269,815
4/16/2021,6,1,91,34,58,260,1350
4/17/2021,6,1,54,76,13,1860,612
4/18/2021,6,2,118,67,46,371,1190
4/19/2021,6,3,50,67,29,1402,247
4/20/2021,6,1,100,34,39,1027,392
4/21/2021,6,2,98,82,18,1122,1226
4/22/2021,6,4,105,55,52,749,1321
4/23/2021,6,3,106,54,60,328,1711
4/24/2021,6,4,34,72,39,1849,1171
4/25/2021,6,2,81,62,55,1114,1635
4/26/2021,6,2,59,53,43,658,1396
4/27/2021,6,3,99,66,42,623,430
4/28/2021,6,4,69,49,16,1040,796
4/29/2021,6,3,50,59,27,1360,430
4/30/2021,6,4,115,66,22,1332,1205
5/1/2021,6,4,51,47,12,803,985
5/2/2021,6,1,73,44,64,1265,1319
5/3/2021,6,3,34,86,20,464,1408
5/4/2021,6,2,90,71,28,1248,522
5/5/2021,6,1,102,38,58,1652,829
5/6/2021,6,1,120,57,29,1501,905
5/7/2021,6,3,108,47,54,1101,1334
5/8/2021,6,4,118,76,27,338,1077
5/9/2021,6,3,86,84,64,882,315
5/10/2021,6,1,99,84,43,1808,1459
5/11/2021,6,4,43,66,41,335,1750
5/12/2021,6,3,40,81,53,990,194
5/13/2021,6,2,78,60,37,1480,450
5/14/2021,6,4,80,51,63,946,1153
5/15/2021,6,2,89,74,39,204,1202
5/16/2021,6,3,114,56,59,121,1147
5/17/2021,6,4,114,77,27,329,527
5/18/2021,6,3,65,47,36,603,183
5/19/2021,6,2,98,87,38,418,964
5/20/2021,6,4,51,78,36,805,107
5/21/2021,6,3,114,47,41,147,760
5/22/2021,6,3,110,82,29,430,121
5/23/2021,6,2,70,73,13,1032,1284
5/24/2021,6,4,41,85,16,1952,691
5/25/2021,6,2,111,73,52,1942,1421
5/26/2021,6,3,91,81,33,1993,714
5/27/2021,6,1,72,54,63,999,1193
5/28/2021,6,2,101,37,61,833,207
5/29/2021,6,2,110,57,14,1141,1511
5/30/2021,6,3,59,59,30,1560,1171
5/31/2021,6,1,98,44,39,922,405
6/1/2021,6,3,44,71,53,896,1577
6/2/2021,6,4,120,82,21,1878,925
6/3/2021,6,3,60,74,20,1417,997
6/4/2021,6,4,119,71,32,1722,101
6/5/2021,6,4,107,42,17,214,1371
6/6/2021,6,1,60,42,21,1117,1564
6/7/2021,6,3,106,45,25,826,1420
6/8/2021,6,4,108,70,19,681,1464
6/9/2021,6,1,40,56,65,1460,1679
6/10/2021,6,3,100,51,31,591,1516
6/11/2021,6,3,77,57,31,279,854
6/12/2021,6,2,97,80,52,1567,835
6/13/2021,6,4,57,81,65,1245,1786
6/14/2021,6,3,105,58,64,375,1072
6/15/2021,6,1,91,51,36,1682,1670
6/16/2021,6,1,37,69,52,1809,1034
6/17/2021,6,1,94,80,40,1892,582
6/18/2021,6,2,40,54,33,1896,308
6/19/2021,6,1,57,50,50,662,312
6/20/2021,6,3,108,84,55,1774,774
6/21/2021,6,2,104,74,67,1219,685
6/22/2021,6,2,61,39,15,445,1358
6/23/2021,6,4,112,41,18,1366,405
6/24/2021,6,3,63,35,48,255,1357
6/25/2021,6,4,94,79,65,1995,1112
6/26/2021,6,3,65,54,18,1443,609
6/27/2021,6,1,38,79,67,242,1186
6/28/2021,6,3,99,78,15,601,773
6/29/2021,6,1,107,55,38,268,1375
6/30/2021,6,4,89,81,35,451,405
7/1/2021,6,3,78,55,59,1472,395
7/2/2021,6,4,99,58,30,1733,737
7/3/2021,6,1,99,40,60,485,217
7/4/2021,6,3,109,77,40,1482,251
7/5/2021,6,1,41,44,30,1590,1517
7/6/2021,6,3,60,42,57,1722,608
7/7/2021,6,4,119,42,50,1866,1449
7/8/2021,6,2,76,38,34,1047,376
7/9/2021,6,4,53,36,22,1413,1637
7/10/2021,6,4,53,83,54,483,286
7/11/2021,6,3,80,83,47,451,271
7/12/2021,6,1,79,65,19,1041,581
1/1/2021,7,4,37,56,21,638,564
1/2/2021,7,3,N/A,84,52,825,895
1/3/2021,7,3,N/A,67,20,1144,671
1/4/2021,7,1,76,81,61,1516,226
1/5/2021,7,1,59,58,13,748,209
1/6/2021,7,4,97,42,26,169,858
1/7/2021,7,4,49,37,39,1420,1345
1/8/2021,7,3,N/A,79,61,1144,1095
1/9/2021,7,4,47,41,50,803,901
1/10/2021,7,1,79,72,41,1796,288
1/11/2021,7,4,89,40,27,950,1435
1/12/2021,7,3,N/A,87,42,424,161
1/13/2021,7,3,N/A,41,16,980,893
1/14/2021,7,2,111,44,27,1806,827
1/15/2021,7,2,91,76,46,249,861
1/16/2021,7,2,81,73,32,1315,785
1/17/2021,7,3,N/A,66,41,521,435
1/18/2021,7,2,114,53,60,422,1577
1/19/2021,7,4,81,72,36,456,535
1/20/2021,7,3,N/A,74,50,1273,295
1/21/2021,7,2,44,73,44,366,1016
1/22/2021,7,1,105,74,42,159,834
1/23/2021,7,4,94,37,28,1103,1260
1/24/2021,7,3,N/A,75,25,1977,897
1/25/2021,7,2,75,65,67,465,881
1/26/2021,7,2,83,57,55,1232,224
1/27/2021,7,2,80,58,31,1414,440
1/28/2021,7,4,71,41,25,1541,1431
1/29/2021,7,2,35,75,65,1460,130
1/30/2021,7,1,103,80,47,1646,595
1/31/2021,7,4,118,54,44,336,796
2/1/2021,7,3,36,68,67,1141,157
2/2/2021,7,2,89,65,34,936,491
2/3/2021,7,3,92,44,41,953,1044
2/4/2021,7,3,120,78,35,1391,1792
2/5/2021,7,4,64,55,65,1845,1731
2/6/2021,7,1,118,67,14,1951,1288
2/7/2021,7,4,57,80,17,572,1118
2/8/2021,7,3,97,68,15,1086,1423
2/9/2021,7,1,66,46,48,1564,252
2/10/2021,7,2,37,86,15,1726,1267
2/11/2021,7,3,110,45,51,830,1170
2/12/2021,7,3,67,83,25,161,1586
2/13/2021,7,1,89,59,31,1677,347
2/14/2021,7,1,108,38,42,1623,1063
2/15/2021,7,3,107,51,42,746,1540
2/16/2021,7,2,34,42,19,1824,1561
2/17/2021,7,3,108,49,48,155,321
2/18/2021,7,4,48,42,13,1003,478
2/19/2021,7,3,42,77,29,1615,1791
2/20/2021,7,1,79,36,56,1253,1765
2/21/2021,7,1,110,59,15,1735,1053
2/22/2021,7,4,95,77,66,917,603
2/23/2021,7,3,64,85,44,223,957
2/24/2021,7,4,78,53,28,366,727
2/25/2021,7,2,73,47,59,167,184
2/26/2021,7,4,78,48,56,1633,1042
2/27/2021,7,1,38,38,48,872,344
2/28/2021,7,3,106,55,64,494,1433
3/1/2021,7,4,75,81,63,1996,1092
3/2/2021,7,3,67,39,36,1644,1177
3/3/2021,7,2,59,42,39,482,160
3/4/2021,7,4,111,41,58,1479,1331
3/5/2021,7,2,39,57,48,1481,505
3/6/2021,7,2,65,38,59,707,686
3/7/2021,7,1,93,58,44,1554,802
3/8/2021,7,1,87,48,50,216,160
3/9/2021,7,4,117,81,41,1328,1456
3/10/2021,7,3,50,41,31,556,1230
3/11/2021,7,1,40,77,16,496,1240
3/12/2021,7,3,55,69,41,1167,678
3/13/2021,7,4,47,43,17,1146,230
3/14/2021,7,4,41,49,48,1165,1209
3/15/2021,7,2,42,46,44,1328,1470
3/16/2021,7,4,46,62,65,703,300
3/17/2021,7,1,116,64,58,294,1609
3/18/2021,7,1,69,78,64,802,1634
3/19/2021,7,2,119,83,48,832,906
3/20/2021,7,4,50,37,31,1936,731
3/21/2021,7,3,60,47,55,1082,1388
3/22/2021,7,2,82,40,19,1854,1624
3/23/2021,7,3,76,63,12,1443,216
3/24/2021,7,3,64,71,43,991,1583
3/25/2021,7,4,75,76,14,1355,173
3/26/2021,7,3,42,67,16,701,1123
3/27/2021,7,4,45,67,36,675,1765
3/28/2021,7,2,105,85,67,134,491
3/29/2021,7,1,57,59,60,1016,173
3/30/2021,7,2,99,76,38,1625,967
3/31/2021,7,1,120,57,14,529,480
4/1/2021,7,4,46,40,42,863,1341
4/2/2021,7,4,92,74,26,225,403
4/3/2021,7,1,102,48,42,1566,601
4/4/2021,7,1,116,36,39,1333,789
4/5/2021,7,1,69,37,66,872,1691
4/6/2021,7,1,90,55,20,1983,801
4/7/2021,7,4,56,65,31,668,333
4/8/2021,7,3,114,68,54,700,385
4/9/2021,7,2,53,72,46,522,879
4/10/2021,7,2,67,72,36,450,930
4/11/2021,7,1,57,46,59,466,1650
4/12/2021,7,3,36,83,52,1269,772
4/13/2021,7,2,89,77,23,1710,1739
4/14/2021,7,1,86,47,52,308,560
4/15/2021,7,1,41,48,51,1935,179
4/16/2021,7,4,42,85,19,1355,1288
4/17/2021,7,3,44,69,38,334,1493
4/18/2021,7,3,75,55,28,463,755
4/19/2021,7,1,47,70,52,492,1547
4/20/2021,7,1,71,42,12,176,1717
4/21/2021,7,1,56,65,50,1117,868
4/22/2021,7,2,47,81,43,1088,436
4/23/2021,7,1,83,54,39,503,197
4/24/2021,7,4,104,86,47,1533,501
4/25/2021,7,4,60,52,60,1495,781
4/26/2021,7,2,45,48,35,302,1033
4/27/2021,7,1,78,66,13,1031,942
4/28/2021,7,3,104,83,58,1792,1669
4/29/2021,7,1,63,60,16,939,1445
4/30/2021,7,4,98,38,49,1618,1337
5/1/2021,7,3,34,55,38,433,1173
5/2/2021,7,1,83,86,56,461,512
5/3/2021,7,4,113,80,15,1785,644
5/4/2021,7,2,82,80,64,1080,785
5/5/2021,7,2,67,62,52,135,698
5/6/2021,7,3,79,78,43,475,782
5/7/2021,7,2,66,38,16,983,1098
5/8/2021,7,1,47,43,32,1987,1570
5/9/2021,7,4,111,83,38,1703,1126
5/10/2021,7,2,80,58,44,454,1380
5/11/2021,7,1,89,34,54,1609,880
5/12/2021,7,3,91,39,54,1381,1764
5/13/2021,7,4,64,52,52,127,1765
5/14/2021,7,4,41,60,60,326,490
5/15/2021,7,3,110,64,47,1314,609
5/16/2021,7,1,86,46,41,1773,1403
5/17/2021,7,4,54,52,19,1680,463
5/18/2021,7,2,92,60,31,1491,1476
5/19/2021,7,1,120,80,62,218,952
5/20/2021,7,2,73,47,29,1481,299
5/21/2021,7,3,87,42,46,1633,1311
5/22/2021,7,4,73,73,61,1740,1645
5/23/2021,7,4,99,58,29,1989,400
5/24/2021,7,3,112,73,61,297,938
5/25/2021,7,3,78,45,56,308,185
5/26/2021,7,1,113,66,67,1643,1134
5/27/2021,7,1,39,40,42,1123,1016
5/28/2021,7,3,39,77,35,459,414
5/29/2021,7,3,41,56,63,1320,1749
5/30/2021,7,1,105,79,22,1550,283
5/31/2021,7,4,55,64,59,530,1349
6/1/2021,7,4,38,72,57,134,253
6/2/2021,7,2,42,62,62,756,1038
6/3/2021,7,2,114,83,22,943,841
6/4/2021,7,3,97,87,40,1618,1165
6/5/2021,7,2,117,41,35,412,302
6/6/2021,7,2,96,47,15,841,1445
6/7/2021,7,4,58,82,35,567,809
6/8/2021,7,4,112,42,15,1917,859
6/9/2021,7,3,67,43,57,1579,367
6/10/2021,7,1,93,71,60,833,1800
6/11/2021,7,1,97,72,42,1018,601
6/12/2021,7,1,42,60,56,1972,202
6/13/2021,7,3,116,53,35,499,1700
6/14/2021,7,1,77,81,45,178,437
6/15/2021,7,2,75,74,23,1180,1635
6/16/2021,7,2,44,74,41,1449,351
6/17/2021,7,3,102,47,59,586,1265
6/18/2021,7,4,101,40,22,259,261
6/19/2021,7,3,110,42,56,1179,261
6/20/2021,7,1,38,34,20,1528,433
6/21/2021,7,1,51,68,31,1361,650
6/22/2021,7,3,81,84,35,494,1272
6/23/2021,7,4,103,61,38,1483,639
6/24/2021,7,2,65,77,59,1747,541
6/25/2021,7,4,37,41,21,1302,894
6/26/2021,7,1,116,35,35,1322,351
6/27/2021,7,4,91,66,66,1930,1537
6/28/2021,7,1,87,49,17,1976,543
6/29/2021,7,3,116,60,34,1508,1741
6/30/2021,7,3,93,82,54,287,1317
7/1/2021,7,3,94,85,38,587,1274
7/2/2021,7,4,81,63,47,1597,1258
7/3/2021,7,3,98,67,52,539,1253
7/4/2021,7,3,53,78,37,1729,277
7/5/2021,7,4,79,56,46,618,1132
7/6/2021,7,1,94,56,28,1633,186
7/7/2021,7,2,35,84,25,1411,1000
7/8/2021,7,2,84,56,32,700,794
7/9/2021,7,1,106,61,23,888,1597
7/10/2021,7,4,108,74,32,537,1486
7/11/2021,7,3,102,46,21,1757,1265
7/12/2021,7,2,45,51,28,1920,237
1/1/2021,8,1,35,68,36,912,1155
1/2/2021,8,4,94,43,33,1659,1396
1/3/2021,8,2,40,67,21,1210,1214
1/4/2021,8,1,83,37,27,1675,840
1/5/2021,8,2,53,55,36,1377,1789
1/6/2021,8,2,99,44,34,843,571
1/7/2021,8,4,100,82,33,634,1569
1/8/2021,8,1,58,79,35,1069,1715
1/9/2021,8,4,95,75,58,146,1533
1/10/2021,8,4,101,39,31,713,897
1/11/2021,8,4,54,82,67,2000,1739
1/12/2021,8,1,67,40,17,1714,517
1/13/2021,8,2,48,46,32,1384,1100
1/14/2021,8,4,91,50,33,1461,117
1/15/2021,8,4,68,51,19,527,1204
1/16/2021,8,3,N/A,45,62,1588,1519
1/17/2021,8,3,N/A,76,47,230,999
1/18/2021,8,1,42,38,28,548,1642
1/19/2021,8,4,94,36,59,717,284
1/20/2021,8,3,N/A,54,53,678,911
1/21/2021,8,2,118,79,67,973,731
1/22/2021,8,1,47,37,60,864,1576
1/23/2021,8,4,67,74,67,547,1501
1/24/2021,8,3,N/A,53,18,1315,1067
1/25/2021,8,1,85,68,22,1622,1721
1/26/2021,8,4,112,70,33,1199,1660
1/27/2021,8,1,42,52,60,1460,965
1/28/2021,8,3,N/A,76,24,695,909
1/29/2021,8,2,92,72,12,1334,668
1/30/2021,8,2,119,34,26,466,162
1/31/2021,8,2,114,81,61,1233,867
2/1/2021,8,1,52,68,49,1558,334
2/2/2021,8,2,48,76,30,366,1561
2/3/2021,8,3,57,84,53,908,1758
2/4/2021,8,4,53,36,58,621,789
2/5/2021,8,2,35,52,65,1778,812
2/6/2021,8,4,110,51,21,948,592
2/7/2021,8,1,41,82,33,1423,1300
2/8/2021,8,3,39,58,27,189,1725
2/9/2021,8,4,64,44,42,257,1362
2/10/2021,8,1,63,80,35,1681,1613
2/11/2021,8,3,101,62,27,1684,1621
2/12/2021,8,1,51,64,12,626,1270
2/13/2021,8,2,97,62,15,218,469
2/14/2021,8,2,107,40,58,1392,752
2/15/2021,8,2,115,67,30,221,951
2/16/2021,8,4,113,83,21,315,667
2/17/2021,8,4,59,61,54,412,986
2/18/2021,8,3,87,72,32,850,1761
2/19/2021,8,4,101,46,27,1203,1458
2/20/2021,8,2,89,34,30,1271,1402
2/21/2021,8,3,97,56,61,644,1711
2/22/2021,8,3,111,63,57,590,196
2/23/2021,8,4,91,50,43,1210,1150
2/24/2021,8,3,59,71,58,1895,932
2/25/2021,8,3,90,36,24,1085,435
2/26/2021,8,4,51,71,46,842,102
2/27/2021,8,2,74,42,13,103,935
2/28/2021,8,3,96,44,27,930,664
3/1/2021,8,2,91,36,25,334,1344
3/2/2021,8,2,93,86,40,560,215
3/3/2021,8,4,66,64,12,737,401
3/4/2021,8,1,52,57,27,1863,1288
3/5/2021,8,2,35,79,29,1168,1398
3/6/2021,8,1,35,35,18,495,169
3/7/2021,8,4,44,47,67,1330,1475
3/8/2021,8,4,68,64,53,570,299
3/9/2021,8,4,46,62,66,174,211
3/10/2021,8,3,61,79,40,1771,1218
3/11/2021,8,1,80,34,51,1270,1064
3/12/2021,8,3,50,63,24,360,554
3/13/2021,8,1,101,62,39,908,1506
3/14/2021,8,3,108,43,43,1210,128
3/15/2021,8,1,98,52,18,286,1431
3/16/2021,8,2,64,75,28,1330,1198
3/17/2021,8,2,87,66,46,1822,223
3/18/2021,8,3,68,66,19,129,1754
3/19/2021,8,2,87,69,49,1056,518
3/20/2021,8,3,87,41,63,866,1162
3/21/2021,8,2,100,66,31,596,122
3/22/2021,8,4,71,36,19,1038,1043
3/23/2021,8,3,57,51,36,1805,723
3/24/2021,8,1,52,49,59,1242,595
3/25/2021,8,2,65,78,32,1776,1536
3/26/2021,8,1,102,82,28,1419,1706
3/27/2021,8,1,44,77,44,1736,1155
3/28/2021,8,4,115,46,41,784,1315
3/29/2021,8,4,102,61,24,1435,1217
3/30/2021,8,4,57,57,60,394,684
3/31/2021,8,4,87,79,53,330,743
4/1/2021,8,3,41,60,41,1960,671
4/2/2021,8,1,72,55,61,1586,865
4/3/2021,8,2,96,63,62,1921,516
4/4/2021,8,1,50,61,18,191,1718
4/5/2021,8,1,102,51,35,807,589
4/6/2021,8,3,68,86,50,811,1490
4/7/2021,8,1,111,77,63,1559,1620
4/8/2021,8,1,73,87,32,1378,471
4/9/2021,8,4,118,39,40,1630,213
4/10/2021,8,4,117,47,30,1146,634
4/11/2021,8,2,76,73,39,1475,785
4/12/2021,8,4,97,83,55,1837,1518
4/13/2021,8,1,51,61,52,1282,967
4/14/2021,8,1,72,39,54,810,1294
4/15/2021,8,4,50,40,30,632,255
4/16/2021,8,3,96,80,42,235,1087
4/17/2021,8,2,117,52,26,396,776
4/18/2021,8,3,103,68,29,1748,674
4/19/2021,8,2,109,43,67,1896,1557
4/20/2021,8,3,66,40,52,160,380
4/21/2021,8,2,96,65,54,173,767
4/22/2021,8,2,77,48,21,779,570
4/23/2021,8,3,69,52,36,1351,360
4/24/2021,8,3,120,68,22,1836,594
4/25/2021,8,3,104,47,23,513,358
4/26/2021,8,1,57,60,48,1436,1753
4/27/2021,8,2,97,40,30,297,1085
4/28/2021,8,1,58,39,39,1825,509
4/29/2021,8,3,108,83,47,364,511
4/30/2021,8,2,64,42,40,124,1119
5/1/2021,8,4,108,47,57,131,864
5/2/2021,8,2,36,64,55,1319,803
5/3/2021,8,2,118,75,22,910,448
5/4/2021,8,3,76,65,46,649,1182
5/5/2021,8,2,55,60,42,756,103
5/6/2021,8,4,75,86,55,1216,745
5/7/2021,8,4,89,50,36,1447,254
5/8/2021,8,1,67,34,44,736,653
5/9/2021,8,1,43,58,32,786,384
5/10/2021,8,4,73,65,32,1926,1624
5/11/2021,8,3,51,39,65,1258,504
5/12/2021,8,2,98,79,61,744,248
5/13/2021,8,2,51,37,58,1645,1323
5/14/2021,8,4,56,50,56,517,1505
5/15/2021,8,3,98,59,60,1454,1110
5/16/2021,8,4,89,51,33,1282,547
5/17/2021,8,1,97,65,67,236,1425
5/18/2021,8,2,54,70,39,1165,1290
5/19/2021,8,4,71,46,63,1640,148
5/20/2021,8,4,70,52,21,1030,1422
5/21/2021,8,4,69,58,20,1456,1535
5/22/2021,8,1,120,48,53,1158,1258
5/23/2021,8,1,50,34,33,1028,613
5/24/2021,8,2,47,43,49,1183,1565
5/25/2021,8,1,71,48,25,1943,1582
5/26/2021,8,4,109,55,67,1041,1058
5/27/2021,8,3,79,80,37,982,394
5/28/2021,8,3,86,43,63,1055,541
5/29/2021,8,4,61,66,61,1137,1566
5/30/2021,8,1,85,64,61,1690,1578
5/31/2021,8,3,91,60,44,1759,1438
6/1/2021,8,3,77,47,19,581,1553
6/2/2021,8,3,53,48,37,458,155
6/3/2021,8,3,94,82,16,999,1705
6/4/2021,8,3,65,50,53,1799,694
6/5/2021,8,1,92,62,49,263,108
6/6/2021,8,1,52,81,63,1340,882
6/7/2021,8,2,85,35,27,1393,1241
6/8/2021,8,4,105,75,17,585,256
6/9/2021,8,4,91,63,37,1832,353
6/10/2021,8,3,51,80,28,994,1017
6/11/2021,8,1,53,75,30,1500,1017
6/12/2021,8,4,115,78,34,1840,1464
6/13/2021,8,2,44,60,18,1645,727
6/14/2021,8,2,80,55,65,104,937
6/15/2021,8,3,92,82,21,1131,698
6/16/2021,8,3,115,39,49,401,837
6/17/2021,8,3,98,50,29,1992,923
6/18/2021,8,1,44,47,46,1101,183
6/19/2021,8,4,51,87,23,1423,969
6/20/2021,8,4,56,82,26,1536,1006
6/21/2021,8,3,35,48,53,1887,1074
6/22/2021,8,3,90,62,66,376,1087
6/23/2021,8,4,38,78,57,1369,261
6/24/2021,8,1,45,64,67,1299,1314
6/25/2021,8,3,116,46,22,135,410
6/26/2021,8,1,73,85,58,1493,792
6/27/2021,8,1,65,61,28,102,396
6/28/2021,8,3,90,45,18,884,661
6/29/2021,8,3,55,60,33,863,995
6/30/2021,8,3,83,36,36,554,640
7/1/2021,8,1,110,75,48,1107,1084
7/2/2021,8,4,55,35,14,1994,900
7/3/2021,8,2,51,34,19,1018,1680
7/4/2021,8,3,103,39,61,1200,224
7/5/2021,8,1,47,35,16,1013,1248
7/6/2021,8,4,111,73,62,181,1085
7/7/2021,8,3,40,58,64,1603,1782
7/8/2021,8,1,55,48,56,1591,1394
7/9/2021,8,1,96,64,62,533,1502
7/10/2021,8,2,72,79,12,1821,1711
7/11/2021,8,1,92,59,28,1242,643
7/12/2021,8,4,45,54,51,1430,1540
